Id,Title,Length
1,Ses raisons d'être: la story de Pascal Obispo,90
2,Wakhri (One of a Kind),99
3,Charmingly Psycho,139
4,The Millers & The Saints,140
5,Mi querida España,168
6,Ramchandra Purushottam Joshi,107
7,Rabbi,147
8,Bhaai Ki Shaadi,156
9,Jani Najani,169
10,Purano Bullet,90
11,Gurucool: Shifting Mindsets,60
12,It Takes Time,80
13,Steal Away,123
14,Crossing the Yellow Blocks,120
15,Nuestra última fiesta,93
16,Making Waves: Battle for the Great Lakes,113
17,Conversazione su Tiresia,145
18,People Like That 1970-1985,90
19,The Battleground,102
20,Race for Justice,123
21,The Battle Within,156
22,Occupied,166
23,A Portrait of a Human,84
24,Molly,108
25,The Arrangement,94
26,Munthiri Monchan,130
27,Heirs,121
28,The Projectionist,81
29,Yen Guru Wai - Calling Upon the Guru,88
30,Laal Maati - Red Earth,95
31,Phantasmagoria,120
32,Warriors of the Nation,99
33,The Human Comedy,90
34,Spicy Teacher,132
35,La cuenca de los ríos de piedra,82
36,Jessie: The Golden Heart,93
37,The Film,111
38,Unforgivable Sin,100
39,No Love No Pain,100
40,Grown Ass Man,178
41,The Vested Astrologer,135
42,Nge Tsawai Lama,164
43,What Will Become of Us,72
44,Untitled Hawaii Project,113
45,Season of Love,105
46,Blood Walkers,109
47,Turned Out,131
48,Bulletproof 2,97
49,Smitten,170
50,Labranza,91
51,Oz,103
52,Angel and the Mailman,85
53,Vosotros sois mi película,98
54,Reanimation Team,173
55,Treading Water,104
56,Untitled Catherine S. Project,138
57,The Promise,176
58,Spring Quicken Fruit Ripe,91
59,Press Club,116
60,Untitled *NSYNC Road Trip Project,164
61,Metcalf South Memories,97
62,My Father the Spy,85
63,Come Closer,91
64,Mrs. Claus,95
65,Untitled Teddy Pendergrass Biopic,150
66,Lost in Paradise: Luchsinger and the Gods,90
67,Whiz-Bang!,163
68,Kiss Kiss Bang Bang,98
69,Head Constable Venkataramaiah,138
70,2 Friends,134
71,Ratham,132
72,Ishtangaa,122
73,Guardian of the Light,90
74,Nenu Nene Ramune,105
75,Ensemble,92
76,Chocobar,146
77,Prematho Mee Karthik,115
78,Maaya,120
79,Green Card,120
80,Key of Life,112
81,Railway Station,103
82,Thai Curry,127
83,Maguy Marin: L'urgence d'agir,108
84,Ritratti di famiglia,61
85,Boy Meets Girl (Tholiprema Katha),140
86,Darre,151
87,Resurrection Corporation,77
88,Zindagi,97
89,Jandhyala Rasina Premakatha,97
90,Rajtilak,112
91,Nasir,85
92,Nirvana Inn,95
93,Changa,127
94,India Sweets and Spices,101
95,The Line,102
96,Mafia X,90
97,The Secret of Carlos Castaneda,74
98,The Dance of Infinity,80
99,Kay Kay: The Girl from Guangzhou,48
100,Ultraman R/B: Select! The Crystal of Bond,72
101,Leyli va Macnun,93
102,Antonio María Valencia: Música en Cámara,87
103,Slapstick: la comedia muda norteamericana,50
104,Adiós a Cali,50
105,Cámara ardiente,50
106,Nuestra película,96
107,"Cali: ayer, hoy y mañana",250
108,Mucho gusto,108
109,Making of 'La Virgen de los sicarios',45
110,De la ilusión al desconcierto: cine colombiano 1970-1995,100
111,Liberty Loves Reason,54
112,A Married Couple,149
113,Sergio Mendes in the Key of Joy,155
114,Empire of Mirrors,52
115,My Name is Khadija,45
116,The Strait Guys,99
117,Scarecrow County,155
118,Elements Quest,175
119,The Secret Lives of Love Starved Housewives,168
120,Mogul Mowgli,89
121,Karigar,95
122,Cops,142
123,Khaag,114
124,Boyfriend,140
125,Fingerprint,131
126,Red Carnations,128
127,Disorientated,145
128,Dare to Surf,150
129,I Was a Rat!,114
130,The Invisible Boy,153
131,Plucked,80
132,Padua,166
133,Project CD,155
134,Project CD,166
135,Aladdin,104
136,The Voyagers,160
137,The Pension of Crabs,154
138,Divine Decision: Double Down,86
139,A Brand New Kitchen,90
140,Pile,119
141,Death Likes A Smile,145
142,Mares Race,116
143,Meridian Factor,143
144,Mask of Damastes,90
145,Pirate Alley,152
146,Freeheld,123
147,The King of Paparazzi - La vera storia,77
148,Il mare della nostra storia,70
149,A Solid 7,90
150,Tutto davanti a questi occhi,45
151,Project JH,142
152,Shrinking Violet,140
153,#xmas,129
154,Turn it Up,165
155,Schizophrenia: The Voices In My Head,51
156,The Black Minutes,96
157,The Perfect Dad,170
158,The Color of Justice,72
159,Sublime,93
160,Dying for You,106
161,Italian Studies,81
162,The Second Thirteen,120
163,2025: Make America Purge Again,120
164,King Street,105
165,Clowning,177
166,Whisper,157
167,The Silent Patient,105
168,Getaway,161
169,Legends of Ezra: The Heartstone,100
170,In His Own Defense,165
171,I Care a Lot,118
172,These Streets We Haunt,107
173,Pashmina,155
174,Untitled Lukas Nelson Documentary,123
175,Divine Mercenary,142
176,The Human Spirit,135
177,River Of Dreams,100
178,One Million Times,83
179,Bright Hill Road,91
180,Beauty Marks,126
181,Confidencias,108
182,Soil The Movie,136
183,A Walk Through Hell: Missouri State Penitentiary,120
184,The Great Reunion,88
185,Case Money,140
186,Twice As Strong: Made of Fire,122
187,Loving Me to Death,155
188,Freakazoid,120
189,"We, The Mighty Humans",153
190,Sathru,129
191,vajau ka?,155
192,Marala Telupana Priya,134
193,Radical,135
194,Mai Gayatri Jadhav,103
195,Upin & Ipin: Keris Siamang Tunggal,100
196,Goko Mako,96
197,Idealists,99
198,Esther the Wonder Pig,97
199,Absolute Truth,156
200,Min pappa Marianne,110
201,Felicità,81
202,Dehors,170
203,VFW,92
204,Shina no yoru (mae),74
205,The Dam Keeper,144
206,White Magic,51
207,Leo,128
208,Hood: A Legend Reborn,60
209,Baby Done,91
210,Ikea 2,60
211,The Queen of the Lizards,63
212,Tipi da spiaggia (la riviera romagnola),106
213,Fuitina - Fuga d'amore,176
214,Lalsa,100
215,Caviar,93
216,Common Chocolate,160
217,JJ Colony,139
218,Darkness Descends,138
219,Aaham,149
220,Heiko's World,118
221,Namakemono,160
222,Sagyôfuku,147
223,Taiyoji defunê no minato,133
224,Shaba no kaze,146
225,Return to Heaven,92
226,Haha,107
227,Nyobô seifuku,135
228,Yume ni miru hana,159
229,This Child,168
230,Adelaide: The Unwinding Cable Car,175
231,The Centaur of Susanville,158
232,Un fleuve invisible,52
233,"Dark Was the Night, Cold Was the Ground",164
234,"Take Pains, Be Perfect",137
235,Tribes,90
236,Untitled,135
237,Killing Patient Zero,100
238,Who are you?,118
239,Waiting Rooms,142
240,Is de Foras,111
241,Six Hours With Terrorists,94
242,Duniya Khatam Ho Rahi Hai,110
243,The Immortal Wars: Rebirth,149
244,Teatroteka: Beauty,66
245,Pilgrim's Progress,108
246,Under the Crescent Moon,116
247,Smiling Georgia,114
248,Rosa pietra stella,94
249,12 Days to Destiny,56
250,Be Kind,83
251,Questo è mio fratello,80
252,Ho rubato la marmellata: Vita di un artista politicamente scorretto,75
253,Malintzin: The Story of an Enigma,90
254,"Duga, les charognards",92
255,River Pirates,90
256,Dialogue with Che,53
257,"Footloose in Bavaria: Regensburg, Oberpfalz, Neuschwanstein",80
258,Footloose in Ireland: Dingle Way & Dublin,111
259,Footloose in Spain: Alpujarras & Barcelona,91
260,Footloose in Switzerland,82
261,Footloose in London: All the Best Sights of our Capital,106
262,Footloose in Holland: Coast Path & Amsterdam,103
263,Keukenhof Gardens and the Dutch Flower Parade,51
264,Footloose on Madeira,105
265,Footloose in the Italian Lakes: Garda Como Lugano Maggiore,141
266,Footloose in the Austrian Tyrol,140
267,"Footloose in Italy III: Naples, Sorrento, Amalfi Coast and Capri",150
268,A Classic Tour of Scotland: Footloose Special,151
269,Footloose in Italy IV: Rimini Tuscany Rome,150
270,Footloose in England's Lake District,150
271,Footloose in London II: Undiscovered and Unusual,124
272,Footloose in the Cotswolds: Part 1,118
273,Footloose in the Cotswolds: Part 2,102
274,Footloose in Scotland - The West Highland Way,122
275,Carol of the Bells,100
276,The Remarkable Alfie Hinds,169
277,Cowboy,103
278,Front Desk,156
279,Strega Nona,107
280,Cash Collectors,100
281,Langit Tidak Selalu Cerah,150
282,Ikan Emas,133
283,Raden Mas,111
284,Jahanam,119
285,Pistolero Maldad Y Malicia,117
286,Fabrication,131
287,Puteri Gunong Ledang,119
288,Sri Andalas,175
289,Hantu Jerangkung,135
290,Pertarongan,159
291,Anak Sulung Tujuh Keturunan,97
292,Pancha Indera Harimau Berantai,155
293,A Girl & the City,60
294,Road to Wherever,103
295,Vengeance Douloureuse 1: la colère est née,76
296,The Hunting,93
297,Coffee & Kareem,88
298,EON,173
299,Yage,156
300,Gaslighter,94
301,The Spectacular Mind of Mackenzie Banks,112
302,Return of the Binman,120
303,The Life Story of Suge Knight,145
304,Historia de una foto,94
305,"GodHead: In a fiction, in a dream of passion",148
306,Pantheons of the Tribe,163
307,Lakewood Plaza Turbo,153
308,Antoons Hero,128
309,Angel: The Movie,153
310,Star Trek Enterprise II: Der Anfang vom Ende,58
311,Few Hours in Athens,151
312,Emma and Angel,135
313,Frankie's Redemption,128
314,Auntie Frog,81
315,Columbus,82
316,The Agitation,86
317,Silence,95
318,Eka Veli Ek Diwas,47
319,Watching This Movie Is a Crime,91
320,EBI: The Documentary,115
321,Akharin Ahang,166
322,Journey of the Sky Goddess,116
323,Joaquin Murrieta: The Beginning of Zorro,146
324,Untitled Rip Van Winkle Project,141
325,Spring Comes Late,81
326,Lupin the Third: Fujiko Mine's Lie,58
327,Aavahayami,97
328,Hansa: Ek Sanyog,135
329,Alpha Male,112
330,Love Lives Here,94
331,The Sacred Riana: Beginning,111
332,Untitled Shakespeare Project,168
333,Lady Boss,161
334,Waiting(Words Apart),175
335,Youtuber Horror Movie,105
336,Big Three Dragons,111
337,The Robinsons,110
338,The Robinsons,90
339,Kaithi,145
340,Pengalila,111
341,The Music Box,125
342,The Music Box,129
343,Jake's Wing,126
344,Enfants des Pierres,45
345,Le petit caillou,48
346,Useless Handcuffs,89
347,Scrapper,87
348,Pygmées de la route,52
349,Chubby Cafe,81
350,Party Plan,155
351,Hamlet Poem Unlimited,60
352,Slutdestination Dödssjuk,117
353,Entire Life and One Day,52
354,Madonna Mia,135
355,Herself,97
356,The Haven Place,166
357,The River at Night,104
358,Josh Groban Bridges Live from Madison Square Garden,149
359,Lila Kourkoulakou,60
360,Two Faces of a Patriot,135
361,Listen to your Fathers,131
362,The Monster in the Cell,172
363,My Girlfriend the Serial Killer,175
364,Lanny,161
365,The Fall of Innocence,176
366,Nouveau Monde,68
367,Dames de couleurs,81
368,Jessie,106
369,Brother's Keeper,99
370,Dosage Volume I,170
371,Dosage Volume II,168
372,Dosage Volume III,111
373,Dosage Volume IV,156
374,Dosage Volume V,117
375,The Curse of EVE,107
376,BADMEN (with a good behavior),87
377,Hometown,119
378,Your Iron Lady,92
379,Lost in Klessin,90
380,Fox Hunting,66
381,Pour ne plus mourir,57
382,A Father,107
383,The Cure,93
384,"Nice & Naughty, A Christmas Story",164
385,The End of My World,161
386,Get Rid of It,131
387,Traiskirchen,133
388,Christmas in New England,160
389,ISS: John Carter vs The Administrator,46
390,Scream Returns,48
391,All for the Money,107
392,M/S Norröna: The Queen of the North Atlantic,135
393,The Contrast,82
394,Mountain Quest,45
395,SIUAT,179
396,SIUAT 2,148
397,SIUAT 3,141
398,SIUAT 4,143
399,Enemy Lines,92
400,American Terror Story,76
401,Ott Tänak: The Movie,125
402,Yolanda,58
403,"Lebanon, USA",97
404,Cinema Monterrey,156
405,The Shooter,173
406,The Secret of the Red Spring,155
407,Ottam,120
408,Fast Car (II),97
409,Chikan shindai tokkyû densha,61
410,Chikan densha: Oku made tsumete,61
411,Furusato porno: Sukebe onna sensei,65
412,Jokôsei: Yoru no shingaku juku,62
413,Ushiro muki,69
414,Chikan desu chikan,67
415,Chikan densha: Muremure shanai,60
416,Shibari biraki,70
417,Shibararetai,71
418,Keijihan no kokuhaku: Hiraita zengo,70
419,Seitô seihanzai,71
420,Shita kara miru,70
421,Seiran zeme,70
422,Kalikkoottukar,145
423,Hand Rolled,90
424,Midnight Reckoning,160
425,Female Teacher: Chain and Bondage,60
426,Office Lady Experience: Pregnancy,61
427,Catch girl: Zetsugi monzetsu,62
428,Documentary Porn: Compulsive Rapist,62
429,Craving Pleasure: Attack a Virgin,62
430,Hitozuma ijô seiyoku: Hikisaku,62
431,Bôkan hanayome o okasu,62
432,Document porno: Hitozuma baishun no teguchi,61
433,Osowareta baishun-fu,61
434,Hentaima: Okasareta hitozuma,60
435,Document porno: Yubi ijime,61
436,Tying the Newlywed Wife,62
437,Robin Trower at Winterland 1975,82
438,Résilience,92
439,"Only Child, Upward, Downward, Forward, Backward, Rightward and Leftward",70
440,July Kaatril,162
441,Mind The Russians,157
442,Leak (Penangkeb),75
443,Sophie's War,168
444,Unstoppable,84
445,The Changin' Times of Ike White,77
446,I'm The Daddy,153
447,¡Score!,155
448,Manoharam,122
449,Padmavyuhathile Abhimanyu,130
450,Baby Come Back,121
451,Wanderer in a Business Suit,167
452,The Cursed,111
453,Red Elvises: Your Favorite Band,99
454,Le lion,95
455,Sex document: Kuikomu,61
456,Nurenure kankin,60
457,Please Seduce Me with Dirty Words,63
458,Hiniku: Nure nawazeme,64
459,Hikô kangofu,61
460,Jokôsei: Watashi o ageru,60
461,The Bells of Hell,88
462,Joshi daisei: Yakan jugyô,60
463,Hentai mibôjin,60
464,Joshi gakusei wananaku,61
465,Ryôwaki no umeki,70
466,Jokôsei tsuppari banchô,63
467,Filmmakers Unite (FU),78
468,Das Spiel der Hoffnung,100
469,Ue kara shita kara,70
470,Toruko gômon: Kegasu,61
471,Kinbaku shûdan bôkô,60
472,Joshi gakusei: Chôhatsu,60
473,Bôkô mayaburu,62
474,Chikan joshi daisei,60
475,Pliusas,90
476,Be 5min. vede,80
477,Pheriaa Come Back,137
478,Ximei,98
479,Tonari no hentai,70
480,Joshi gakusei o shibaru,62
481,Wakazuma uwaki kôkan,66
482,Onsen chikan bus,59
483,Aru onna kyôshi: Hentai seiseikatsu,62
484,White Dresses,50
485,An Unprecedented Campaign,71
486,Monzetsu apaato: Ue demo shita demo,60
487,Dark Arrows,112
488,Pacha,167
489,The Reenactor,167
490,Finis Terrae,90
491,Breaking Silence,59
492,The Sleeping Prophet,121
493,Lipstick & Bullets,151
494,Hellbiro,95
495,Untitled Heist Project,155
496,Youthful Tales,142
497,Talent Documentary,145
498,Automatism,141
499,Sylvester: Do you Wanna Funk,122
500,Xenosaga,288
501,Hot Scent,83
502,The Absurds,148
503,Tuesday at Primo's/Big D,91
504,The Agency of International Affairs,98
505,Diseño de Sonido para Cine en Argentina,54
506,Facebook idióták - A Mozifilm,45
507,Hayatta Olmaz,97
508,Svartklubb,79
509,La ronde,171
510,"The Good Americans: One Revolution, Two Nations",151
511,"Luz, Câmera e Barreto",46
512,Rodolpho Teóphilo - O Legado de um Pioneiro,57
513,Chico Albuquerque - Revelações,49
514,DK Bose,117
515,Fujin râijin,153
516,Doctor Who Augmented Reality: Times Magazine,172
517,Jeg ser deg,75
518,Hellavator,176
519,Ormma,127
520,The Saving,175
521,The Marriage Escape,103
522,Chambu Gabale,131
523,Local Sugar,113
524,Swarm Season,86
525,Diabolik sono io,75
526,Nepal - Homebird,52
527,Letters,178
528,Fragments,93
529,Bacchanalia,72
530,Kisilev's list,105
531,No Apology,102
532,De la piel del Diablo,75
533,Paradise,135
534,The Adventures of Ryes and Garth: Tayna's Dawn,139
535,Une vie de château,55
536,Rewilding Africa,156
537,No Gogó do Paulinho,98
538,A Cherry Tale,85
539,Stateless,177
540,Sokagin Çocuklari,98
541,Kuttram Seiyel,169
542,Seaweed,95
543,The Holden Family Plan,136
544,However Long,77
545,Albatross,97
546,9/11: Escape from the Towers,120
547,Wien is 't Hof van Commerce,139
548,Demolished,124
549,The Devil's Country,117
550,Zero Latency,124
551,The New Estate,164
552,The War of Godzilla,102
553,Sang Miracle,136
554,Noblesse Oblige,105
555,Meet John Doe,120
556,Life Without Sara Amat,74
557,Blind Ambition,96
558,The Heart To Fight,158
559,Stagger Lee & Billy,104
560,#WorstThing,111
561,The Checkers: Breaking the Ice,122
562,Vida em Movimento,70
563,Side Effect,161
564,A Husband to Rent,169
565,Liebestraum,131
566,Bobbyr Bondhura,176
567,Salt Lake,119
568,The Last White Witch,97
569,Inventing Robert Capa,153
570,The Mystery of a Buryat Lama,94
571,The Thing in the Bag,78
572,Drømmeland,72
573,The Rehearsal,51
574,Illenau - die Geschichte einer ehemaligen Heil- und Pflegeanstalt,84
575,Minotaur,112
576,Safeguard,90
577,Il talento del calabrone,84
578,Coven,92
579,The Secret of China,104
580,Kuambil Lagi Hatiku,123
581,The Copeland Case,173
582,Dankyavar Danka,133
583,6 Gunn,116
