Id	FirstName	LastName	ImdbUrl
1	Tom	Holland	https://www.imdb.com/name/nm4043618
2	Zendaya		https://www.imdb.com/name/nm3918035
3	Benedict	Cumberbatch	https://www.imdb.com/name/nm1212722
4	Jacob	Batalon	https://www.imdb.com/name/nm8188622
5	Jon	Watts	https://www.imdb.com/name/nm1218281
6	Chris	McKenna	https://www.imdb.com/name/nm0571344
7	Erik	Sommers	https://www.imdb.com/name/nm1273099
8	Stan	Lee	https://www.imdb.com/name/nm0498278
9	Emilia	Jones	https://www.imdb.com/name/nm4454223
10	Marlee	Matlin	https://www.imdb.com/name/nm0559144
11	Troy	Kotsur	https://www.imdb.com/name/nm1319274
12	Daniel	Durant	https://www.imdb.com/name/nm3310289
13	Sian	Heder	https://www.imdb.com/name/nm1571761
14	Victoria	Bedos	https://www.imdb.com/name/nm2605079
15	Stanislas	Carré de Malberg	https://www.imdb.com/name/nm0141133
16	Thomasin	McKenzie	https://www.imdb.com/name/nm5057169
17	Anya	Taylor-Joy	https://www.imdb.com/name/nm5896355
18	Matt	Smith	https://www.imdb.com/name/nm1741002
19	Diana	Rigg	https://www.imdb.com/name/nm0001671
20	Edgar	Wright	https://www.imdb.com/name/nm0942367
21	Krysty	Wilson-Cairns	https://www.imdb.com/name/nm4880670
22	Andrew	Garfield	https://www.imdb.com/name/nm1940449
23	Alexandra	Shipp	https://www.imdb.com/name/nm3381295
24	Robin	de Jesus	https://www.imdb.com/name/nm1296587
25	Vanessa	Hudgens	https://www.imdb.com/name/nm1227814
26	Joshua	Henry	https://www.imdb.com/name/nm2348438
27	Lin-Manuel	Miranda	https://www.imdb.com/name/nm0592135
28	Steven	Levenson	https://www.imdb.com/name/nm4697007
29	Jonathan	Larson	https://www.imdb.com/name/nm1170227
30	Stephanie	Beatriz	https://www.imdb.com/name/nm3715867
31	María	Cecilia Botero	https://www.imdb.com/name/nm1239720
32	John	Leguizamo	https://www.imdb.com/name/nm0000491
33	Mauro	Castillo	https://www.imdb.com/name/nm8871347
34	Jessica	Darrow	https://www.imdb.com/name/nm8731846
35	Jared	Bush	https://www.imdb.com/name/nm1158544
36	Byron	Howard	https://www.imdb.com/name/nm0397174
37	Charise	Castro Smith	https://www.imdb.com/name/nm4146781
38	Patrick	Wilson	https://www.imdb.com/name/nm0933940
39	Vera	Farmiga	https://www.imdb.com/name/nm0267812
40	Ron	Livingston	https://www.imdb.com/name/nm0515296
41	Lili	Taylor	https://www.imdb.com/name/nm0000666
42	James	Wan	https://www.imdb.com/name/nm1490123
43	Chad	Hayes	https://www.imdb.com/name/nm0370937
44	Carey	W. Hayes	https://www.imdb.com/name/nm0370928
45	Daniel	Craig	https://www.imdb.com/name/nm0185819
46	Chris	Evans	https://www.imdb.com/name/nm0262635
47	Ana	de Armas	https://www.imdb.com/name/nm1869101
48	Jamie	Lee Curtis	https://www.imdb.com/name/nm0000130
49	Michael	Shannon	https://www.imdb.com/name/nm0788335
50	Don	Johnson	https://www.imdb.com/name/nm0000467
51	Toni	Collette	https://www.imdb.com/name/nm0001057
52	Rian	Johnson	https://www.imdb.com/name/nm0426059
53	John	Travolta	https://www.imdb.com/name/nm0000237
54	Uma	Thurman	https://www.imdb.com/name/nm0000235
55	Samuel	L. Jackson	https://www.imdb.com/name/nm0000168
56	Bruce	Willis	https://www.imdb.com/name/nm0000246
57	Quentin	Tarantino	https://www.imdb.com/name/nm0000233
58	Roger	Avary	https://www.imdb.com/name/nm0000812
59	Sam	Worthington	https://www.imdb.com/name/nm0941777
60	Luke	Bracey	https://www.imdb.com/name/nm3478396
61	Teresa	Palmer	https://www.imdb.com/name/nm1954240
62	Mel	Gibson	https://www.imdb.com/name/nm0000154
63	Robert	Schenkkan	https://www.imdb.com/name/nm0770938
64	Andrew	Knight	https://www.imdb.com/name/nm0460795
65	Leonardo	DiCaprio	https://www.imdb.com/name/nm0000138
66	Jennifer	Lawrence	https://www.imdb.com/name/nm2225369
67	Meryl	Streep	https://www.imdb.com/name/nm0000658
68	Cate	Blanchett	https://www.imdb.com/name/nm0000949
69	Rob	Morgan	https://www.imdb.com/name/nm1726032
70	Jonah	Hill	https://www.imdb.com/name/nm1706767
71	Mark	Rylance	https://www.imdb.com/name/nm0753314
72	Adam	McKay	https://www.imdb.com/name/nm0570912
73	David	Sirota	https://www.imdb.com/name/nm1998503
74	Kate	Winslet	https://www.imdb.com/name/nm0000701
75	Billy	Zane	https://www.imdb.com/name/nm0000708
76	Kathy	Bates	https://www.imdb.com/name/nm0000870
77	Frances	Fisher	https://www.imdb.com/name/nm0004920
78	James	Cameron	https://www.imdb.com/name/nm0000116
79	Michael	Cera	https://www.imdb.com/name/nm0148418
80	Mary	Elizabeth Winstead	https://www.imdb.com/name/nm0935541
81	Kieran	Culkin	https://www.imdb.com/name/nm0001085
82	Anna	Kendrick	https://www.imdb.com/name/nm0447695
83	Allison	Pill	https://www.imdb.com/name/nm0683467
84	Aubrey	Plaza	https://www.imdb.com/name/nm2201555
85	Michael	Bacall	https://www.imdb.com/name/nm0045209
86	Bryan	Lee O'Malley	https://www.imdb.com/name/nm1854069
87	Harrison	Ford	https://www.imdb.com/name/nm0000148
88	Karen	Allen	https://www.imdb.com/name/nm0000261
89	Paul	Freeman	https://www.imdb.com/name/nm0293550
90	John	Rhys-Davies	https://www.imdb.com/name/nm0722636
91	Steven	Spielberg	https://www.imdb.com/name/nm0000229
92	Lawrence	Kasdan	https://www.imdb.com/name/nm0001410
93	George	Lucas	https://www.imdb.com/name/nm0000184
94	Philip	Kaufman	https://www.imdb.com/name/nm0442241
95	Mark	Hamill	https://www.imdb.com/name/nm0000434
96	Carrie	Fisher	https://www.imdb.com/name/nm0000402
97	Alec	Guinness	https://www.imdb.com/name/nm0000027
98	Emily	Blunt	https://www.imdb.com/name/nm1289434
99	John	Krasinski	https://www.imdb.com/name/nm1024677
100	Millicent	Simmonds	https://www.imdb.com/name/nm8075925
101	Noah	Jupe	https://www.imdb.com/name/nm7415871
102	Bryan	Woods	https://www.imdb.com/name/nm1456816
103	Scott	Beck	https://www.imdb.com/name/nm1399714
104	Robin	Williams	https://www.imdb.com/name/nm0000245
105	Matt	Damon	https://www.imdb.com/name/nm0000354
106	Ben	Affleck	https://www.imdb.com/name/nm0000255
107	Stellan	Skarsgård	https://www.imdb.com/name/nm0001745
108	Gus	Van Sant	https://www.imdb.com/name/nm0001814
109	Hugh	Jackman	https://www.imdb.com/name/nm0413168
110	Michelle	Williams	https://www.imdb.com/name/nm0931329
111	Zac	Efron	https://www.imdb.com/name/nm1374980
112	Rebecca	Ferguson	https://www.imdb.com/name/nm0272581
113	Michael	Gracey	https://www.imdb.com/name/nm1243905
114	Jenny	Bicks	https://www.imdb.com/name/nm0081081
115	Bill	Condon	https://www.imdb.com/name/nm0174374
116	Robert	Downey Jr.	https://www.imdb.com/name/nm0000375
117	Jude	Law	https://www.imdb.com/name/nm0000179
118	Rachel	McAdams	https://www.imdb.com/name/nm1046097
119	Mark	Strong	https://www.imdb.com/name/nm0835016
120	Eddie	Marsan	https://www.imdb.com/name/nm0550371
121	Guy	Ritchie	https://www.imdb.com/name/nm0005363
122	Michael	Robert Johnson	https://www.imdb.com/name/nm3467335
123	Anthony	Peckham	https://www.imdb.com/name/nm0669756
124	Simon	Kinberg	https://www.imdb.com/name/nm1334526
125	Keira	Knightley	https://www.imdb.com/name/nm0461136
126	Matthew	Goode	https://www.imdb.com/name/nm0328828
127	Allen	Leech	https://www.imdb.com/name/nm1395602
128	Rory	Kinnear	https://www.imdb.com/name/nm1239499
129	Morten	Tyldum	https://www.imdb.com/name/nm0878763
130	Graham	Moore	https://www.imdb.com/name/nm2441699
131	Andrew	Hodges	https://www.imdb.com/name/nm0388132
132	Henry	Cavill	https://www.imdb.com/name/nm0147147
133	Gal	Gadot	https://www.imdb.com/name/nm2933757
134	Ray	Fisher	https://www.imdb.com/name/nm3570321
135	Jason	Momoa	https://www.imdb.com/name/nm0597388
136	Ezra	Miller	https://www.imdb.com/name/nm3009232
137	Amy	Adams	https://www.imdb.com/name/nm0010736
138	Jeremy	Irons	https://www.imdb.com/name/nm0000460
139	Zack	Snyder	https://www.imdb.com/name/nm0811583
140	Jerry	Siegel	https://www.imdb.com/name/nm0796950
141	Joe	Shuster	https://www.imdb.com/name/nm0795975
142	Daniel	Radcliffe	https://www.imdb.com/name/nm0705356
143	Emma	Watson	https://www.imdb.com/name/nm0914612
144	Rupert	Grint	https://www.imdb.com/name/nm0342488
145	Gary	Oldman	https://www.imdb.com/name/nm0000198
146	Alfonso	Cuarón	https://www.imdb.com/name/nm0190859
147	J.K.	Rowling	https://www.imdb.com/name/nm0746830
148	Steve	Kloves	https://www.imdb.com/name/nm0460141
149	Shameik	Moore	https://www.imdb.com/name/nm4271336
150	Jake	Johnson	https://www.imdb.com/name/nm2159926
151	Hailee	Steinfeld	https://www.imdb.com/name/nm2794962
152	Mahershala	Ali	https://www.imdb.com/name/nm0991810
153	Zoë	Kravitz	https://www.imdb.com/name/nm2368789
154	John	Mulaney	https://www.imdb.com/name/nm1825214
155	Kimiko	Glenn	https://www.imdb.com/name/nm4733752
156	Nicholas	Cage	https://www.imdb.com/name/nm0000115
157	Chris	Pine	https://www.imdb.com/name/nm1517976
158	Bob	Persichetti	https://www.imdb.com/name/nm2130108
159	Peter	Ramsey	https://www.imdb.com/name/nm0709056
160	Rodney	Rothman	https://www.imdb.com/name/nm0745247
161	Phil	Lord	https://www.imdb.com/name/nm0520488
162	Jesse	Eisenberg	https://www.imdb.com/name/nm0251986
163	Mark	Ruffalo	https://www.imdb.com/name/nm0749263
164	Woody	Harrelson	https://www.imdb.com/name/nm0000437
165	Isla	Fisher	https://www.imdb.com/name/nm0279545
166	Dave	Franco	https://www.imdb.com/name/nm2002649
167	Mélanie	Laurent	https://www.imdb.com/name/nm0491259
168	Morgan	Freeman	https://www.imdb.com/name/nm0000151
169	Michael	Cane	https://www.imdb.com/name/nm0000323
170	Louis	Leterrier	https://www.imdb.com/name/nm0504642
171	Ed	Solomon	https://www.imdb.com/name/nm0004412
172	Boaz	Yakin	https://www.imdb.com/name/nm0945026
173	Edward	Ricourt	https://www.imdb.com/name/nm3242689
174	Roman	Griffin Davis	https://www.imdb.com/name/nm9877392
175	Scarlett	Johansson	https://www.imdb.com/name/nm0424060
176	Taika	Waititi	https://www.imdb.com/name/nm0169806
177	Sam	Rockwell	https://www.imdb.com/name/nm0005377
178	Christine	Leunens	https://www.imdb.com/name/nm9862836
179	Miles	Teller	https://www.imdb.com/name/nm1886602
180	J.K.	Simmons	https://www.imdb.com/name/nm0799777
181	Melissa	Benoist	https://www.imdb.com/name/nm2552034
182	Paul	Reiser	https://www.imdb.com/name/nm0001663
183	Damien	Chazelle	https://www.imdb.com/name/nm3227090
184	Patrick	Stewart	https://www.imdb.com/name/nm0001772
185	Dafne	Keen	https://www.imdb.com/name/nm6748436
186	James	Mangold	https://www.imdb.com/name/nm0003506
187	Scott	Frank	https://www.imdb.com/name/nm0291082
188	Michael	Green	https://www.imdb.com/name/nm0338169
189	Robert	Pattinson	https://www.imdb.com/name/nm1500155
190	Jeffrey	Wright	https://www.imdb.com/name/nm0942482
191	Colin	Farrell	https://www.imdb.com/name/nm0268199
192	Paul	Dano	https://www.imdb.com/name/nm0200452
193	John	Turturro	https://www.imdb.com/name/nm0001806
194	Andy	Serkis	https://www.imdb.com/name/nm0785227
195	Matt	Reeves	https://www.imdb.com/name/nm0716257
196	Peter	Craig	https://www.imdb.com/name/nm0185976
197	Bill	Finger	https://www.imdb.com/name/nm0277730
198	Timothée	Chalamet	https://www.imdb.com/name/nm3154303
199	Oscar	Isaac	https://www.imdb.com/name/nm1209966
200	Denis	Villeneuve	https://www.imdb.com/name/nm0898288
201	Jon	Spaihts	https://www.imdb.com/name/nm3123612
202	Eric	Roth	https://www.imdb.com/name/nm0744839
203	Joaquin	Phoenix	https://www.imdb.com/name/nm0001618
204	Robert	De Niro	https://www.imdb.com/name/nm0000134
205	Zazie	Beetz	https://www.imdb.com/name/nm5939164
206	Frances	Conroy	https://www.imdb.com/name/nm0175814
207	Todd	Phillips	https://www.imdb.com/name/nm0680846
208	Scott	Silver	https://www.imdb.com/name/nm0798788
209	Bob	Kane	https://www.imdb.com/name/nm0004170
210	Chris	Hemsworth	https://www.imdb.com/name/nm1165110
211	Anthony	Russo	https://www.imdb.com/name/nm0751577
212	Joe	Russo	https://www.imdb.com/name/nm0751648
213	Christopher	Markus	https://www.imdb.com/name/nm1321655
214	Stephen	McFeely	https://www.imdb.com/name/nm1321656
215	Joseph	Gordon-Levitt	https://www.imdb.com/name/nm0330687
216	Elliot	Page	https://www.imdb.com/name/nm0680983
217	Ken	Watanabe	https://www.imdb.com/name/nm0913822
218	Christopher	Nolan	https://www.imdb.com/name/nm0634240
219	Keanu	Reeves	https://www.imdb.com/name/nm0000206
220	Laurence	Fishburne	https://www.imdb.com/name/nm0000401
221	Carrie-Anne	Moss	https://www.imdb.com/name/nm0005251
222	Hugo	Weaving	https://www.imdb.com/name/nm0915989
223	Lana	Wachowski	https://www.imdb.com/name/nm0905154
224	Lilly	Wachowski	https://www.imdb.com/name/nm0905152
225	Michael	J. Fox	https://www.imdb.com/name/nm0000150
226	Christopher	Lloyd	https://www.imdb.com/name/nm0000502
227	Lea	Thompson	https://www.imdb.com/name/nm0000670
228	Crispin	Glover	https://www.imdb.com/name/nm0000417
229	Tom	Wilson	https://www.imdb.com/name/nm0001855
230	Robert	Zemeckis	https://www.imdb.com/name/nm0000709
231	Bob	Gale	https://www.imdb.com/name/nm0301826
232	James	McAvoy	https://www.imdb.com/name/nm0564215
233	Betty	Buckley	https://www.imdb.com/name/nm0000990
234	M.	Night Shyamalan	https://www.imdb.com/name/nm0796117
