Id,Title,Year,Length,ImdbUrl
1,Ses raisons d'être: la story de Pascal Obispo,2016,90,https://imdb.com/title/tt9884840
2,Wakhri (One of a Kind),2013,99,https://imdb.com/title/tt9885000
3,Charmingly Psycho,2000,139,https://imdb.com/title/tt9885092
4,The Millers & The Saints,2002,140,https://imdb.com/title/tt9885098
5,Mi querida España,2015,168,https://imdb.com/title/tt9885292
6,Ramchandra Purushottam Joshi,2013,107,https://imdb.com/title/tt9885666
7,Rabbi,2017,147,https://imdb.com/title/tt9885858
8,Bhaai Ki Shaadi,2019,156,https://imdb.com/title/tt9915306
9,Jani Najani,2019,169,https://imdb.com/title/tt9885892
10,Purano Bullet,2019,90,https://imdb.com/title/tt9892234
11,Gurucool: Shifting Mindsets,2004,60,https://imdb.com/title/tt9886012
12,It Takes Time,2018,80,https://imdb.com/title/tt9886068
13,Steal Away,2008,123,https://imdb.com/title/tt9886428
14,Crossing the Yellow Blocks,2017,120,https://imdb.com/title/tt9886430
15,Nuestra última fiesta,2019,93,https://imdb.com/title/tt9886444
16,Making Waves: Battle for the Great Lakes,2016,113,https://imdb.com/title/tt9886488
17,Conversazione su Tiresia,2018,145,https://imdb.com/title/tt9886806
18,People Like That 1970-1985,2018,90,https://imdb.com/title/tt9886810
19,The Battleground,2017,102,https://imdb.com/title/tt9886812
20,Race for Justice,2016,123,https://imdb.com/title/tt9887038
21,The Battle Within,2015,156,https://imdb.com/title/tt9887274
22,Occupied,2013,166,https://imdb.com/title/tt9887300
23,A Portrait of a Human,2003,84,https://imdb.com/title/tt9886818
24,Molly,2019,108,https://imdb.com/title/tt9886846
25,The Arrangement,2005,94,https://imdb.com/title/tt9886862
26,Munthiri Monchan,2019,130,https://imdb.com/title/tt9886872
27,Heirs,2019,121,https://imdb.com/title/tt9886898
28,The Projectionist,2019,81,https://imdb.com/title/tt9886934
29,Yen Guru Wai - Calling Upon the Guru,2000,88,https://imdb.com/title/tt9886964
30,Laal Maati - Red Earth,2010,95,https://imdb.com/title/tt9886970
31,Phantasmagoria,2004,120,https://imdb.com/title/tt9887090
32,Warriors of the Nation,2019,99,https://imdb.com/title/tt9887106
33,The Human Comedy,2019,90,https://imdb.com/title/tt9887130
34,Spicy Teacher,2018,132,https://imdb.com/title/tt9900570
35,La cuenca de los ríos de piedra,2019,82,https://imdb.com/title/tt9887134
36,Jessie: The Golden Heart,2019,93,https://imdb.com/title/tt9887154
37,The Film,2012,111,https://imdb.com/title/tt9887160
38,Unforgivable Sin,2019,100,https://imdb.com/title/tt9887164
39,No Love No Pain,2021,100,https://imdb.com/title/tt9887180
40,Grown Ass Man,2017,178,https://imdb.com/title/tt9887230
41,The Vested Astrologer,2019,135,https://imdb.com/title/tt9887290
42,Nge Tsawai Lama,2017,164,https://imdb.com/title/tt9887318
43,What Will Become of Us,2019,72,https://imdb.com/title/tt9887388
44,Untitled Hawaii Project,2008,113,https://imdb.com/title/tt9887458
45,Season of Love,2019,105,https://imdb.com/title/tt9887520
46,Blood Walkers,2011,109,https://imdb.com/title/tt9887544
47,Turned Out,2019,131,https://imdb.com/title/tt9887568
48,Bulletproof 2,2020,97,https://imdb.com/title/tt9887580
49,Smitten,2002,170,https://imdb.com/title/tt9887604
50,Labranza,2010,91,https://imdb.com/title/tt9887628
51,Oz,2012,103,https://imdb.com/title/tt9887790
52,Angel and the Mailman,2019,85,https://imdb.com/title/tt9888560
53,Vosotros sois mi película,2019,98,https://imdb.com/title/tt9888844
54,Reanimation Team,2022,173,https://imdb.com/title/tt9888954
55,Treading Water,2019,104,https://imdb.com/title/tt9889010
56,Untitled Catherine S. Project,2004,138,https://imdb.com/title/tt9889020
57,The Promise,2017,176,https://imdb.com/title/tt9889072
58,Spring Quicken Fruit Ripe,1961,91,https://imdb.com/title/tt9889218
59,Press Club,2000,116,https://imdb.com/title/tt9889318
60,Untitled *NSYNC Road Trip Project,2004,164,https://imdb.com/title/tt9889338
61,Metcalf South Memories,2015,97,https://imdb.com/title/tt9889384
62,My Father the Spy,2019,85,https://imdb.com/title/tt9889412
63,Come Closer,2009,91,https://imdb.com/title/tt9889446
64,Mrs. Claus,2007,95,https://imdb.com/title/tt9889544
65,Untitled Teddy Pendergrass Biopic,2013,150,https://imdb.com/title/tt9889616
66,Lost in Paradise: Luchsinger and the Gods,2010,90,https://imdb.com/title/tt9889716
67,Whiz-Bang!,2002,163,https://imdb.com/title/tt9889752
68,Kiss Kiss Bang Bang,2017,98,https://imdb.com/title/tt9889814
69,Head Constable Venkataramaiah,2017,138,https://imdb.com/title/tt9889916
70,2 Friends,2018,134,https://imdb.com/title/tt9889918
71,Ratham,2018,132,https://imdb.com/title/tt9889926
72,Ishtangaa,2018,122,https://imdb.com/title/tt9889952
73,Guardian of the Light,2018,90,https://imdb.com/title/tt9889934
74,Nenu Nene Ramune,2018,105,https://imdb.com/title/tt9889948
75,Ensemble,2018,92,https://imdb.com/title/tt9890024
76,Chocobar,2016,146,https://imdb.com/title/tt9890028
77,Prematho Mee Karthik,2017,115,https://imdb.com/title/tt9890030
78,Maaya,2014,120,https://imdb.com/title/tt9890070
79,Green Card,2017,120,https://imdb.com/title/tt9890036
80,Key of Life,2012,112,https://imdb.com/title/tt9890040
81,Railway Station,2012,103,https://imdb.com/title/tt9890042
82,Thai Curry,2019,127,https://imdb.com/title/tt9890052
83,Maguy Marin: L'urgence d'agir,2019,108,https://imdb.com/title/tt9890060
84,Ritratti di famiglia,2018,61,https://imdb.com/title/tt9890100
85,Boy Meets Girl (Tholiprema Katha),2014,140,https://imdb.com/title/tt9890106
86,Darre,2017,151,https://imdb.com/title/tt9890110
87,Resurrection Corporation,2021,77,https://imdb.com/title/tt9890120
88,Zindagi,2016,97,https://imdb.com/title/tt9890124
89,Jandhyala Rasina Premakatha,2017,97,https://imdb.com/title/tt9890130
90,Rajtilak,2019,112,https://imdb.com/title/tt9890138
91,Nasir,2020,85,https://imdb.com/title/tt9890308
92,Nirvana Inn,2019,95,https://imdb.com/title/tt9890322
93,Changa,2018,127,https://imdb.com/title/tt9890312
94,India Sweets and Spices,2021,101,https://imdb.com/title/tt9896876
95,The Line,2020,102,https://imdb.com/title/tt9890326
96,Mafia X,2003,90,https://imdb.com/title/tt9890352
97,The Secret of Carlos Castaneda,2018,74,https://imdb.com/title/tt9890430
98,The Dance of Infinity,2015,80,https://imdb.com/title/tt9894166
99,Kay Kay: The Girl from Guangzhou,2012,48,https://imdb.com/title/tt9890678
100,Ultraman R/B: Select! The Crystal of Bond,2019,72,https://imdb.com/title/tt9890758
101,Leyli va Macnun,1961,93,https://imdb.com/title/tt9890850
102,Antonio María Valencia: Música en Cámara,1987,87,https://imdb.com/title/tt9890870
103,Slapstick: la comedia muda norteamericana,1989,50,https://imdb.com/title/tt9894618
104,Adiós a Cali,1990,50,https://imdb.com/title/tt9894880
105,Cámara ardiente,1991,50,https://imdb.com/title/tt9894902
106,Nuestra película,1993,96,https://imdb.com/title/tt9915946
107,"Cali: ayer, hoy y mañana",1995,250,https://imdb.com/title/tt9916058
108,Mucho gusto,1997,108,https://imdb.com/title/tt9916124
109,Making of 'La Virgen de los sicarios',1999,45,https://imdb.com/title/tt9916162
110,De la ilusión al desconcierto: cine colombiano 1970-1995,2007,100,https://imdb.com/title/tt9916680
111,Liberty Loves Reason,2018,54,https://imdb.com/title/tt9891100
112,A Married Couple,2019,149,https://imdb.com/title/tt9891516
113,Sergio Mendes in the Key of Joy,2020,155,https://imdb.com/title/tt9891640
114,Empire of Mirrors,2018,52,https://imdb.com/title/tt9891764
115,My Name is Khadija,2015,45,https://imdb.com/title/tt9891934
116,The Strait Guys,2022,99,https://imdb.com/title/tt9891830
117,Scarecrow County,2019,155,https://imdb.com/title/tt9891874
118,Elements Quest,2017,175,https://imdb.com/title/tt9891882
119,The Secret Lives of Love Starved Housewives,2002,168,https://imdb.com/title/tt9892000
120,Mogul Mowgli,2020,89,https://imdb.com/title/tt9892094
121,Karigar,2012,95,https://imdb.com/title/tt9892180
122,Cops,2019,142,https://imdb.com/title/tt9892220
123,Khaag,2019,114,https://imdb.com/title/tt9892252
124,Boyfriend,2019,140,https://imdb.com/title/tt9892262
125,Fingerprint,2019,131,https://imdb.com/title/tt9892272
126,Red Carnations,2012,128,https://imdb.com/title/tt9892292
127,Disorientated,2001,145,https://imdb.com/title/tt9892344
128,Dare to Surf,2019,150,https://imdb.com/title/tt9892338
129,I Was a Rat!,2009,114,https://imdb.com/title/tt9892428
130,The Invisible Boy,2016,153,https://imdb.com/title/tt9892472
131,Plucked,2019,80,https://imdb.com/title/tt9892534
132,Padua,2002,166,https://imdb.com/title/tt9892540
133,Project CD,2011,155,https://imdb.com/title/tt9892544
134,Project CD,2012,166,https://imdb.com/title/tt9892684
135,Aladdin,2020,104,https://imdb.com/title/tt9892546
136,The Voyagers,2010,160,https://imdb.com/title/tt9892588
137,The Pension of Crabs,2009,154,https://imdb.com/title/tt9892590
138,Divine Decision: Double Down,2021,86,https://imdb.com/title/tt9892604
139,A Brand New Kitchen,2019,90,https://imdb.com/title/tt9892908
140,Pile,2002,119,https://imdb.com/title/tt9892674
141,Death Likes A Smile,2006,145,https://imdb.com/title/tt9892808
142,Mares Race,2017,116,https://imdb.com/title/tt9892838
143,Meridian Factor,2019,143,https://imdb.com/title/tt9892896
144,Mask of Damastes,2012,90,https://imdb.com/title/tt9892934
145,Pirate Alley,2002,152,https://imdb.com/title/tt9892976
146,Freeheld,2013,123,https://imdb.com/title/tt9892692
147,The King of Paparazzi - La vera storia,2018,77,https://imdb.com/title/tt9892716
148,Il mare della nostra storia,2018,70,https://imdb.com/title/tt9892770
149,A Solid 7,2019,90,https://imdb.com/title/tt9892836
150,Tutto davanti a questi occhi,2018,45,https://imdb.com/title/tt9892842
151,Project JH,2010,142,https://imdb.com/title/tt9892852
152,Shrinking Violet,2011,140,https://imdb.com/title/tt9892882
153,#xmas,2008,129,https://imdb.com/title/tt9892902
154,Turn it Up,2005,165,https://imdb.com/title/tt9892922
155,Schizophrenia: The Voices In My Head,2017,51,https://imdb.com/title/tt9892970
156,The Black Minutes,2021,96,https://imdb.com/title/tt9893012
157,The Perfect Dad,2017,170,https://imdb.com/title/tt9893018
158,The Color of Justice,2018,72,https://imdb.com/title/tt9893052
159,Sublime,2019,93,https://imdb.com/title/tt9893078
160,Dying for You,2018,106,https://imdb.com/title/tt9893082
161,Italian Studies,2021,81,https://imdb.com/title/tt9893084
162,The Second Thirteen,2002,120,https://imdb.com/title/tt9893110
163,2025: Make America Purge Again,2022,120,https://imdb.com/title/tt9893130
164,King Street,2023,105,https://imdb.com/title/tt9910302
165,Clowning,2022,177,https://imdb.com/title/tt9893158
166,Whisper,2011,157,https://imdb.com/title/tt9893160
167,The Silent Patient,2009,105,https://imdb.com/title/tt9893218
168,Getaway,2015,161,https://imdb.com/title/tt9893228
169,Legends of Ezra: The Heartstone,2013,100,https://imdb.com/title/tt9893238
170,In His Own Defense,2013,165,https://imdb.com/title/tt9893452
171,I Care a Lot,2020,118,https://imdb.com/title/tt9893250
172,These Streets We Haunt,2021,107,https://imdb.com/title/tt9893266
173,Pashmina,2006,155,https://imdb.com/title/tt9893292
174,Untitled Lukas Nelson Documentary,2013,123,https://imdb.com/title/tt9893384
175,Divine Mercenary,2015,142,https://imdb.com/title/tt9893652
176,The Human Spirit,2019,135,https://imdb.com/title/tt9893746
177,River Of Dreams,2007,100,https://imdb.com/title/tt9893788
178,One Million Times,2016,83,https://imdb.com/title/tt9893812
179,Bright Hill Road,2020,91,https://imdb.com/title/tt9893824
180,Beauty Marks,2000,126,https://imdb.com/title/tt9893830
181,Confidencias,1996,108,https://imdb.com/title/tt9893878
182,Soil The Movie,2018,136,https://imdb.com/title/tt9893900
183,A Walk Through Hell: Missouri State Penitentiary,2021,120,https://imdb.com/title/tt9893918
184,The Great Reunion,1948,88,https://imdb.com/title/tt9893922
185,Case Money,2005,140,https://imdb.com/title/tt9893950
186,Twice As Strong: Made of Fire,2022,122,https://imdb.com/title/tt9894000
187,Loving Me to Death,2010,155,https://imdb.com/title/tt9894038
188,Freakazoid,2004,120,https://imdb.com/title/tt9894050
189,"We, The Mighty Humans",2001,153,https://imdb.com/title/tt9894078
190,Sathru,2019,129,https://imdb.com/title/tt9894098
191,vajau ka?,1996,155,https://imdb.com/title/tt9894108
192,Marala Telupana Priya,2016,134,https://imdb.com/title/tt9894202
193,Radical,2005,135,https://imdb.com/title/tt9899092
194,Mai Gayatri Jadhav,2019,103,https://imdb.com/title/tt9894302
195,Upin & Ipin: Keris Siamang Tunggal,2019,100,https://imdb.com/title/tt9894394
196,Goko Mako,2019,96,https://imdb.com/title/tt9894418
197,Idealists,2015,99,https://imdb.com/title/tt9894426
198,Esther the Wonder Pig,2003,97,https://imdb.com/title/tt9894430
199,Absolute Truth,2019,156,https://imdb.com/title/tt9894436
200,Min pappa Marianne,2020,110,https://imdb.com/title/tt9894440
201,Felicità,2020,81,https://imdb.com/title/tt9894450
202,Dehors,2008,170,https://imdb.com/title/tt9899870
203,VFW,2019,92,https://imdb.com/title/tt9894470
204,Shina no yoru (mae),1940,74,https://imdb.com/title/tt9894486
205,The Dam Keeper,2014,144,https://imdb.com/title/tt9894494
206,White Magic,2003,51,https://imdb.com/title/tt9894554
207,Leo,2002,128,https://imdb.com/title/tt9894638
208,Hood: A Legend Reborn,2000,60,https://imdb.com/title/tt9894658
209,Baby Done,2020,91,https://imdb.com/title/tt9894660
210,Ikea 2,2016,60,https://imdb.com/title/tt9894668
211,The Queen of the Lizards,2019,63,https://imdb.com/title/tt9904250
212,Tipi da spiaggia (la riviera romagnola),2018,106,https://imdb.com/title/tt9894722
213,Fuitina - Fuga d'amore,2015,176,https://imdb.com/title/tt9902338
214,Lalsa,2004,100,https://imdb.com/title/tt9894802
215,Caviar,2019,93,https://imdb.com/title/tt9894894
216,Common Chocolate,2012,160,https://imdb.com/title/tt9894912
217,JJ Colony,2007,139,https://imdb.com/title/tt9894916
218,Darkness Descends,2009,138,https://imdb.com/title/tt9895012
219,Aaham,2019,149,https://imdb.com/title/tt9895022
220,Heiko's World,2021,118,https://imdb.com/title/tt9895024
221,Namakemono,1927,160,https://imdb.com/title/tt9895030
222,Sagyôfuku,1931,147,https://imdb.com/title/tt9900526
223,Taiyoji defunê no minato,1929,133,https://imdb.com/title/tt9895078
224,Shaba no kaze,1929,146,https://imdb.com/title/tt9895142
225,Return to Heaven,1930,92,https://imdb.com/title/tt9900516
226,Haha,1930,107,https://imdb.com/title/tt9900464
227,Nyobô seifuku,1933,135,https://imdb.com/title/tt9900562
228,Yume ni miru hana,1934,159,https://imdb.com/title/tt9900772
229,This Child,2010,168,https://imdb.com/title/tt9895056
230,Adelaide: The Unwinding Cable Car,2005,175,https://imdb.com/title/tt9895064
231,The Centaur of Susanville,2010,158,https://imdb.com/title/tt9895466
232,Un fleuve invisible,2019,52,https://imdb.com/title/tt9895608
233,"Dark Was the Night, Cold Was the Ground",2004,164,https://imdb.com/title/tt9895988
234,"Take Pains, Be Perfect",2020,137,https://imdb.com/title/tt9896102
235,Tribes,2006,90,https://imdb.com/title/tt9896124
236,Untitled,2019,135,https://imdb.com/title/tt9896224
237,Killing Patient Zero,2019,100,https://imdb.com/title/tt9896252
238,Who are you?,2003,118,https://imdb.com/title/tt9896284
239,Waiting Rooms,2013,142,https://imdb.com/title/tt9896320
240,Is de Foras,2005,111,https://imdb.com/title/tt9902902
241,Six Hours With Terrorists,2011,94,https://imdb.com/title/tt9896506
242,Duniya Khatam Ho Rahi Hai,2017,110,https://imdb.com/title/tt9900050
243,The Immortal Wars: Rebirth,2020,149,https://imdb.com/title/tt9896768
244,Teatroteka: Beauty,2019,66,https://imdb.com/title/tt9896840
245,Pilgrim's Progress,2019,108,https://imdb.com/title/tt9896916
246,Under the Crescent Moon,2004,116,https://imdb.com/title/tt9897210
247,Smiling Georgia,2015,114,https://imdb.com/title/tt9897230
248,Rosa pietra stella,2020,94,https://imdb.com/title/tt9897258
249,12 Days to Destiny,2019,56,https://imdb.com/title/tt9897520
250,Be Kind,2018,83,https://imdb.com/title/tt9897528
251,Questo è mio fratello,2018,80,https://imdb.com/title/tt9897660
252,Ho rubato la marmellata: Vita di un artista politicamente scorretto,2018,75,https://imdb.com/title/tt9897706
253,Malintzin: The Story of an Enigma,2019,90,https://imdb.com/title/tt9897722
254,"Duga, les charognards",2019,92,https://imdb.com/title/tt9897744
255,River Pirates,2018,90,https://imdb.com/title/tt9897764
256,Dialogue with Che,1968,53,https://imdb.com/title/tt9897832
257,"Footloose in Bavaria: Regensburg, Oberpfalz, Neuschwanstein",2017,80,https://imdb.com/title/tt9897890
258,Footloose in Ireland: Dingle Way & Dublin,2018,111,https://imdb.com/title/tt9897894
259,Footloose in Spain: Alpujarras & Barcelona,2017,91,https://imdb.com/title/tt9897896
260,Footloose in Switzerland,2017,82,https://imdb.com/title/tt9897900
261,Footloose in London: All the Best Sights of our Capital,2016,106,https://imdb.com/title/tt9905932
262,Footloose in Holland: Coast Path & Amsterdam,2017,103,https://imdb.com/title/tt9906000
263,Keukenhof Gardens and the Dutch Flower Parade,2017,51,https://imdb.com/title/tt9906088
264,Footloose on Madeira,2017,105,https://imdb.com/title/tt9906138
265,Footloose in the Italian Lakes: Garda Como Lugano Maggiore,2016,141,https://imdb.com/title/tt9906246
266,Footloose in the Austrian Tyrol,2017,140,https://imdb.com/title/tt9906256
267,"Footloose in Italy III: Naples, Sorrento, Amalfi Coast and Capri",2016,150,https://imdb.com/title/tt9906270
268,A Classic Tour of Scotland: Footloose Special,2016,151,https://imdb.com/title/tt9906278
269,Footloose in Italy IV: Rimini Tuscany Rome,2016,150,https://imdb.com/title/tt9906696
270,Footloose in England's Lake District,2017,150,https://imdb.com/title/tt9906844
271,Footloose in London II: Undiscovered and Unusual,2018,124,https://imdb.com/title/tt9907032
272,Footloose in the Cotswolds: Part 1,2016,118,https://imdb.com/title/tt9907396
273,Footloose in the Cotswolds: Part 2,2016,102,https://imdb.com/title/tt9907608
274,Footloose in Scotland - The West Highland Way,2018,122,https://imdb.com/title/tt9909310
275,Carol of the Bells,2019,100,https://imdb.com/title/tt9898086
276,The Remarkable Alfie Hinds,2014,169,https://imdb.com/title/tt9898140
277,Cowboy,2009,103,https://imdb.com/title/tt9898210
278,Front Desk,2015,156,https://imdb.com/title/tt9898312
279,Strega Nona,2006,107,https://imdb.com/title/tt9898382
280,Cash Collectors,2015,100,https://imdb.com/title/tt9898328
281,Langit Tidak Selalu Cerah,1981,150,https://imdb.com/title/tt9898368
282,Ikan Emas,1965,133,https://imdb.com/title/tt9898426
283,Raden Mas,1959,111,https://imdb.com/title/tt9900280
284,Jahanam,1971,119,https://imdb.com/title/tt9900390
285,Pistolero Maldad Y Malicia,2012,117,https://imdb.com/title/tt9898468
286,Fabrication,2001,131,https://imdb.com/title/tt9898470
287,Puteri Gunong Ledang,1961,119,https://imdb.com/title/tt9898504
288,Sri Andalas,1966,175,https://imdb.com/title/tt9898534
289,Hantu Jerangkung,1957,135,https://imdb.com/title/tt9898602
290,Pertarongan,1960,159,https://imdb.com/title/tt9898636
291,Anak Sulung Tujuh Keturunan,1982,97,https://imdb.com/title/tt9900354
292,Pancha Indera Harimau Berantai,1970,155,https://imdb.com/title/tt9898616
293,A Girl & the City,2015,60,https://imdb.com/title/tt9898548
294,Road to Wherever,2014,103,https://imdb.com/title/tt9898596
295,Vengeance Douloureuse 1: la colère est née,2011,76,https://imdb.com/title/tt9898682
296,The Hunting,2021,93,https://imdb.com/title/tt9898844
297,Coffee & Kareem,2020,88,https://imdb.com/title/tt9898858
298,EON,2005,173,https://imdb.com/title/tt9898980
299,Yage,2004,156,https://imdb.com/title/tt9899046
300,Gaslighter,2002,94,https://imdb.com/title/tt9899064
301,The Spectacular Mind of Mackenzie Banks,2003,112,https://imdb.com/title/tt9899054
302,Return of the Binman,2019,120,https://imdb.com/title/tt9899284
303,The Life Story of Suge Knight,2001,145,https://imdb.com/title/tt9899302
304,Historia de una foto,2007,94,https://imdb.com/title/tt9899306
305,"GodHead: In a fiction, in a dream of passion",2022,148,https://imdb.com/title/tt9899344
306,Pantheons of the Tribe,2006,163,https://imdb.com/title/tt9903832
307,Lakewood Plaza Turbo,2002,153,https://imdb.com/title/tt9899368
308,Antoons Hero,2019,128,https://imdb.com/title/tt9899402
309,Angel: The Movie,2017,153,https://imdb.com/title/tt9899532
310,Star Trek Enterprise II: Der Anfang vom Ende,2016,58,https://imdb.com/title/tt9899716
311,Few Hours in Athens,2019,151,https://imdb.com/title/tt9899726
312,Emma and Angel,2016,135,https://imdb.com/title/tt9899822
313,Frankie's Redemption,2021,128,https://imdb.com/title/tt9899828
314,Auntie Frog,2018,81,https://imdb.com/title/tt9899840
315,Columbus,2018,82,https://imdb.com/title/tt9899880
316,The Agitation,2019,86,https://imdb.com/title/tt9899850
317,Silence,1991,95,https://imdb.com/title/tt9912812
318,Eka Veli Ek Diwas,2019,47,https://imdb.com/title/tt9899856
319,Watching This Movie Is a Crime,2019,91,https://imdb.com/title/tt9899860
320,EBI: The Documentary,2001,115,https://imdb.com/title/tt9899906
321,Akharin Ahang,2009,166,https://imdb.com/title/tt9914826
322,Journey of the Sky Goddess,2019,116,https://imdb.com/title/tt9899938
323,Joaquin Murrieta: The Beginning of Zorro,2016,146,https://imdb.com/title/tt9899958
324,Untitled Rip Van Winkle Project,2002,141,https://imdb.com/title/tt9899970
325,Spring Comes Late,1980,81,https://imdb.com/title/tt9899972
326,Lupin the Third: Fujiko Mine's Lie,2019,58,https://imdb.com/title/tt9900060
327,Aavahayami,2017,97,https://imdb.com/title/tt9900180
328,Hansa: Ek Sanyog,2019,135,https://imdb.com/title/tt9900388
329,Alpha Male,2019,112,https://imdb.com/title/tt9900396
330,Love Lives Here,2019,94,https://imdb.com/title/tt9900398
331,The Sacred Riana: Beginning,2019,111,https://imdb.com/title/tt9900552
332,Untitled Shakespeare Project,2005,168,https://imdb.com/title/tt9900602
333,Lady Boss,2005,161,https://imdb.com/title/tt9900614
334,Waiting(Words Apart),2019,175,https://imdb.com/title/tt9900670
335,Youtuber Horror Movie,2015,105,https://imdb.com/title/tt9900680
336,Big Three Dragons,2019,111,https://imdb.com/title/tt9900688
337,The Robinsons,2019,110,https://imdb.com/title/tt9900748
338,The Robinsons,2020,90,https://imdb.com/title/tt9901162
339,Kaithi,2019,145,https://imdb.com/title/tt9900782
340,Pengalila,2019,111,https://imdb.com/title/tt9905462
341,The Music Box,2018,125,https://imdb.com/title/tt9900804
342,The Music Box,2008,129,https://imdb.com/title/tt9901152
343,Jake's Wing,2018,126,https://imdb.com/title/tt9903124
344,Enfants des Pierres,2013,45,https://imdb.com/title/tt9900810
345,Le petit caillou,2016,48,https://imdb.com/title/tt9901238
346,Useless Handcuffs,1969,89,https://imdb.com/title/tt9900908
347,Scrapper,2021,87,https://imdb.com/title/tt9900940
348,Pygmées de la route,2012,52,https://imdb.com/title/tt9901020
349,Chubby Cafe,2016,81,https://imdb.com/title/tt9901146
350,Party Plan,2014,155,https://imdb.com/title/tt9901148
351,Hamlet Poem Unlimited,2018,60,https://imdb.com/title/tt9901352
352,Slutdestination Dödssjuk,2019,117,https://imdb.com/title/tt9901532
353,Entire Life and One Day,2014,52,https://imdb.com/title/tt9901656
354,Madonna Mia,2003,135,https://imdb.com/title/tt9901944
355,Herself,2020,97,https://imdb.com/title/tt9902160
356,The Haven Place,2010,166,https://imdb.com/title/tt9902248
357,The River at Night,2013,104,https://imdb.com/title/tt9902414
358,Josh Groban Bridges Live from Madison Square Garden,2019,149,https://imdb.com/title/tt9902734
359,Lila Kourkoulakou,2017,60,https://imdb.com/title/tt9902832
360,Two Faces of a Patriot,2008,135,https://imdb.com/title/tt9902940
361,Listen to your Fathers,2018,131,https://imdb.com/title/tt9902988
362,The Monster in the Cell,2016,172,https://imdb.com/title/tt9903002
363,My Girlfriend the Serial Killer,2006,175,https://imdb.com/title/tt9903348
364,Lanny,2009,161,https://imdb.com/title/tt9903408
365,The Fall of Innocence,2018,176,https://imdb.com/title/tt9903418
366,Nouveau Monde,2012,68,https://imdb.com/title/tt9903496
367,Dames de couleurs,2012,81,https://imdb.com/title/tt9903562
368,Jessie,2019,106,https://imdb.com/title/tt9903716
369,Brother's Keeper,2006,99,https://imdb.com/title/tt9903728
370,Dosage Volume I,2002,170,https://imdb.com/title/tt9903802
371,Dosage Volume II,2003,168,https://imdb.com/title/tt9903920
372,Dosage Volume III,2005,111,https://imdb.com/title/tt9903968
373,Dosage Volume IV,2006,156,https://imdb.com/title/tt9904010
374,Dosage Volume V,2008,117,https://imdb.com/title/tt9904098
375,The Curse of EVE,2019,107,https://imdb.com/title/tt9903890
376,BADMEN (with a good behavior),2018,87,https://imdb.com/title/tt9903952
377,Hometown,2016,119,https://imdb.com/title/tt9903996
378,Your Iron Lady,2020,92,https://imdb.com/title/tt9904004
379,Lost in Klessin,2018,90,https://imdb.com/title/tt9904014
380,Fox Hunting,2019,66,https://imdb.com/title/tt9904066
381,Pour ne plus mourir,2018,57,https://imdb.com/title/tt9904096
382,A Father,2002,107,https://imdb.com/title/tt9904134
383,The Cure,2003,93,https://imdb.com/title/tt9904160
384,"Nice & Naughty, A Christmas Story",2022,164,https://imdb.com/title/tt9904252
385,The End of My World,2007,161,https://imdb.com/title/tt9904268
386,Get Rid of It,2004,131,https://imdb.com/title/tt9904270
387,Traiskirchen,2007,133,https://imdb.com/title/tt9904318
388,Christmas in New England,2008,160,https://imdb.com/title/tt9904328
389,ISS: John Carter vs The Administrator,2017,46,https://imdb.com/title/tt9904508
390,Scream Returns,2018,48,https://imdb.com/title/tt9904530
391,All for the Money,2019,107,https://imdb.com/title/tt9904552
392,M/S Norröna: The Queen of the North Atlantic,2019,135,https://imdb.com/title/tt9904562
393,The Contrast,2022,82,https://imdb.com/title/tt9904648
394,Mountain Quest,2018,45,https://imdb.com/title/tt9904670
395,SIUAT,2001,179,https://imdb.com/title/tt9904682
396,SIUAT 2,2009,148,https://imdb.com/title/tt9904686
397,SIUAT 3,2014,141,https://imdb.com/title/tt9904698
398,SIUAT 4,2010,143,https://imdb.com/title/tt9904706
399,Enemy Lines,2020,92,https://imdb.com/title/tt9904802
400,American Terror Story,2019,76,https://imdb.com/title/tt9904820
401,Ott Tänak: The Movie,2019,125,https://imdb.com/title/tt9904844
402,Yolanda,2018,58,https://imdb.com/title/tt9905072
403,"Lebanon, USA",2019,97,https://imdb.com/title/tt9905116
404,Cinema Monterrey,2019,156,https://imdb.com/title/tt9905152
405,The Shooter,1975,173,https://imdb.com/title/tt9905224
406,The Secret of the Red Spring,1992,155,https://imdb.com/title/tt9905252
407,Ottam,2019,120,https://imdb.com/title/tt9905412
408,Fast Car (II),2006,97,https://imdb.com/title/tt9905432
409,Chikan shindai tokkyû densha,1981,61,https://imdb.com/title/tt9905434
410,Chikan densha: Oku made tsumete,1981,61,https://imdb.com/title/tt9908694
411,Furusato porno: Sukebe onna sensei,1981,65,https://imdb.com/title/tt9909294
412,Jokôsei: Yoru no shingaku juku,1981,62,https://imdb.com/title/tt9909694
413,Ushiro muki,1981,69,https://imdb.com/title/tt9909716
414,Chikan desu chikan,1981,67,https://imdb.com/title/tt9909960
415,Chikan densha: Muremure shanai,1981,60,https://imdb.com/title/tt9913814
416,Shibari biraki,1981,70,https://imdb.com/title/tt9905448
417,Shibararetai,1981,71,https://imdb.com/title/tt9908954
418,Keijihan no kokuhaku: Hiraita zengo,1981,70,https://imdb.com/title/tt9909714
419,Seitô seihanzai,1981,71,https://imdb.com/title/tt9913320
420,Shita kara miru,1981,70,https://imdb.com/title/tt9909612
421,Seiran zeme,1981,70,https://imdb.com/title/tt9909700
422,Kalikkoottukar,2019,145,https://imdb.com/title/tt9911306
423,Hand Rolled,2019,90,https://imdb.com/title/tt9905476
424,Midnight Reckoning,2015,160,https://imdb.com/title/tt9905492
425,Female Teacher: Chain and Bondage,1981,60,https://imdb.com/title/tt9905536
426,Office Lady Experience: Pregnancy,1981,61,https://imdb.com/title/tt9909524
427,Catch girl: Zetsugi monzetsu,1981,62,https://imdb.com/title/tt9909542
428,Documentary Porn: Compulsive Rapist,1981,62,https://imdb.com/title/tt9909276
429,Craving Pleasure: Attack a Virgin,1981,62,https://imdb.com/title/tt9909820
430,Hitozuma ijô seiyoku: Hikisaku,1981,62,https://imdb.com/title/tt9909400
431,Bôkan hanayome o okasu,1981,62,https://imdb.com/title/tt9909704
432,Document porno: Hitozuma baishun no teguchi,1981,61,https://imdb.com/title/tt9909736
433,Osowareta baishun-fu,1981,61,https://imdb.com/title/tt9909760
434,Hentaima: Okasareta hitozuma,1981,60,https://imdb.com/title/tt9909780
435,Document porno: Yubi ijime,1981,61,https://imdb.com/title/tt9913878
436,Tying the Newlywed Wife,1981,62,https://imdb.com/title/tt9909608
437,Robin Trower at Winterland 1975,1975,82,https://imdb.com/title/tt9905648
438,Résilience,2003,92,https://imdb.com/title/tt9905708
439,"Only Child, Upward, Downward, Forward, Backward, Rightward and Leftward",2007,70,https://imdb.com/title/tt9905770
440,July Kaatril,2019,162,https://imdb.com/title/tt9905796
441,Mind The Russians,2013,157,https://imdb.com/title/tt9906090
442,Leak (Penangkeb),2019,75,https://imdb.com/title/tt9906128
443,Sophie's War,2004,168,https://imdb.com/title/tt9906150
444,Unstoppable,2019,84,https://imdb.com/title/tt9906218
445,The Changin' Times of Ike White,2019,77,https://imdb.com/title/tt9906262
446,I'm The Daddy,2006,153,https://imdb.com/title/tt9906346
447,¡Score!,2008,155,https://imdb.com/title/tt9906596
448,Manoharam,2019,122,https://imdb.com/title/tt9906644
449,Padmavyuhathile Abhimanyu,2019,130,https://imdb.com/title/tt9911774
450,Baby Come Back,2001,121,https://imdb.com/title/tt9907362
451,Wanderer in a Business Suit,1961,167,https://imdb.com/title/tt9907670
452,The Cursed,2021,111,https://imdb.com/title/tt9907782
453,Red Elvises: Your Favorite Band,2017,99,https://imdb.com/title/tt9907824
454,Le lion,2020,95,https://imdb.com/title/tt9908390
455,Sex document: Kuikomu,1981,61,https://imdb.com/title/tt9908394
456,Nurenure kankin,1981,60,https://imdb.com/title/tt9909432
457,Please Seduce Me with Dirty Words,1981,63,https://imdb.com/title/tt9909744
458,Hiniku: Nure nawazeme,1981,64,https://imdb.com/title/tt9913834
459,Hikô kangofu,1981,61,https://imdb.com/title/tt9909576
460,Jokôsei: Watashi o ageru,1981,60,https://imdb.com/title/tt9909792
461,The Bells of Hell,2018,88,https://imdb.com/title/tt9908448
462,Joshi daisei: Yakan jugyô,1981,60,https://imdb.com/title/tt9908530
463,Hentai mibôjin,1981,60,https://imdb.com/title/tt9909656
464,Joshi gakusei wananaku,1981,61,https://imdb.com/title/tt9908944
465,Ryôwaki no umeki,1981,70,https://imdb.com/title/tt9910040
466,Jokôsei tsuppari banchô,1981,63,https://imdb.com/title/tt9908798
467,Filmmakers Unite (FU),2017,78,https://imdb.com/title/tt9908592
468,Das Spiel der Hoffnung,2017,100,https://imdb.com/title/tt9908636
469,Ue kara shita kara,1981,70,https://imdb.com/title/tt9908764
470,Toruko gômon: Kegasu,1981,61,https://imdb.com/title/tt9909856
471,Kinbaku shûdan bôkô,1981,60,https://imdb.com/title/tt9909330
472,Joshi gakusei: Chôhatsu,1981,60,https://imdb.com/title/tt9909490
473,Bôkô mayaburu,1981,62,https://imdb.com/title/tt9909666
474,Chikan joshi daisei,1981,60,https://imdb.com/title/tt9909684
475,Pliusas,2018,90,https://imdb.com/title/tt9908960
476,Be 5min. vede,2017,80,https://imdb.com/title/tt9910238
477,Pheriaa Come Back,2018,137,https://imdb.com/title/tt9909086
478,Ximei,2019,98,https://imdb.com/title/tt9909228
479,Tonari no hentai,1981,70,https://imdb.com/title/tt9909320
480,Joshi gakusei o shibaru,1981,62,https://imdb.com/title/tt9909728
481,Wakazuma uwaki kôkan,1981,66,https://imdb.com/title/tt9909334
482,Onsen chikan bus,1981,59,https://imdb.com/title/tt9913178
483,Aru onna kyôshi: Hentai seiseikatsu,1981,62,https://imdb.com/title/tt9909560
484,White Dresses,1996,50,https://imdb.com/title/tt9909418
485,An Unprecedented Campaign,1931,71,https://imdb.com/title/tt9909462
486,Monzetsu apaato: Ue demo shita demo,1981,60,https://imdb.com/title/tt9909994
487,Dark Arrows,2011,112,https://imdb.com/title/tt9909516
488,Pacha,2006,167,https://imdb.com/title/tt9909522
489,The Reenactor,2009,167,https://imdb.com/title/tt9909544
490,Finis Terrae,2019,90,https://imdb.com/title/tt9909554
491,Breaking Silence,1985,59,https://imdb.com/title/tt9909558
492,The Sleeping Prophet,2011,121,https://imdb.com/title/tt9909644
493,Lipstick & Bullets,2014,151,https://imdb.com/title/tt9909648
494,Hellbiro,2018,95,https://imdb.com/title/tt9909650
495,Untitled Heist Project,2001,155,https://imdb.com/title/tt9909696
496,Youthful Tales,2002,142,https://imdb.com/title/tt9909702
497,Talent Documentary,2012,145,https://imdb.com/title/tt9913572
498,Automatism,2018,141,https://imdb.com/title/tt9909708
499,Sylvester: Do you Wanna Funk,2002,122,https://imdb.com/title/tt9909750
500,Xenosaga,2005,288,https://imdb.com/title/tt9909938
501,Hot Scent,2018,83,https://imdb.com/title/tt9909940
502,The Absurds,2015,148,https://imdb.com/title/tt9910032
503,Tuesday at Primo's/Big D,2015,91,https://imdb.com/title/tt9910086
504,The Agency of International Affairs,2019,98,https://imdb.com/title/tt9910102
505,Diseño de Sonido para Cine en Argentina,2014,54,https://imdb.com/title/tt9910166
506,Facebook idióták - A Mozifilm,2017,45,https://imdb.com/title/tt9910206
507,Hayatta Olmaz,2019,97,https://imdb.com/title/tt9910502
508,Svartklubb,2020,79,https://imdb.com/title/tt9910530
509,La ronde,2012,171,https://imdb.com/title/tt9910622
510,"The Good Americans: One Revolution, Two Nations",2021,151,https://imdb.com/title/tt9910648
511,"Luz, Câmera e Barreto",2018,46,https://imdb.com/title/tt9910688
512,Rodolpho Teóphilo - O Legado de um Pioneiro,2015,57,https://imdb.com/title/tt9916622
513,Chico Albuquerque - Revelações,2013,49,https://imdb.com/title/tt9916754
514,DK Bose,2019,117,https://imdb.com/title/tt9910778
515,Fujin râijin,1963,153,https://imdb.com/title/tt9910852
516,Doctor Who Augmented Reality: Times Magazine,2013,172,https://imdb.com/title/tt9910922
517,Jeg ser deg,2019,75,https://imdb.com/title/tt9910930
518,Hellavator,2003,176,https://imdb.com/title/tt9910964
519,Ormma,2019,127,https://imdb.com/title/tt9911006
520,The Saving,2020,175,https://imdb.com/title/tt9911046
521,The Marriage Escape,2020,103,https://imdb.com/title/tt9911196
522,Chambu Gabale,1989,131,https://imdb.com/title/tt9911750
523,Local Sugar,2000,113,https://imdb.com/title/tt9912924
524,Swarm Season,2019,86,https://imdb.com/title/tt9913056
525,Diabolik sono io,2019,75,https://imdb.com/title/tt9913084
526,Nepal - Homebird,2019,52,https://imdb.com/title/tt9913248
527,Letters,2020,178,https://imdb.com/title/tt9913288
528,Fragments,2019,93,https://imdb.com/title/tt9913418
529,Bacchanalia,2017,72,https://imdb.com/title/tt9913594
530,Kisilev's list,2008,105,https://imdb.com/title/tt9913642
531,No Apology,2019,102,https://imdb.com/title/tt9913660
532,De la piel del Diablo,2019,75,https://imdb.com/title/tt9913872
533,Paradise,2019,135,https://imdb.com/title/tt9913936
534,The Adventures of Ryes and Garth: Tayna's Dawn,2005,139,https://imdb.com/title/tt9914140
535,Une vie de château,2019,55,https://imdb.com/title/tt9914164
536,Rewilding Africa,2013,156,https://imdb.com/title/tt9914170
537,No Gogó do Paulinho,2020,98,https://imdb.com/title/tt9914192
538,A Cherry Tale,2019,85,https://imdb.com/title/tt9914254
539,Stateless,2019,177,https://imdb.com/title/tt9914294
540,Sokagin Çocuklari,2019,98,https://imdb.com/title/tt9914286
541,Kuttram Seiyel,2019,169,https://imdb.com/title/tt9914368
542,Seaweed,2011,95,https://imdb.com/title/tt9914398
543,The Holden Family Plan,2019,136,https://imdb.com/title/tt9914522
544,However Long,2019,77,https://imdb.com/title/tt9914582
545,Albatross,2017,97,https://imdb.com/title/tt9914642
546,9/11: Escape from the Towers,2018,120,https://imdb.com/title/tt9914644
547,Wien is 't Hof van Commerce,2018,139,https://imdb.com/title/tt9914662
548,Demolished,2004,124,https://imdb.com/title/tt9914670
549,The Devil's Country,2018,117,https://imdb.com/title/tt9914752
550,Zero Latency,2019,124,https://imdb.com/title/tt9914768
551,The New Estate,2005,164,https://imdb.com/title/tt9914808
552,The War of Godzilla,2015,102,https://imdb.com/title/tt9914828
553,Sang Miracle,2018,136,https://imdb.com/title/tt9914888
554,Noblesse Oblige,2016,105,https://imdb.com/title/tt9914928
555,Meet John Doe,2009,120,https://imdb.com/title/tt9915130
556,Life Without Sara Amat,2019,74,https://imdb.com/title/tt9914942
557,Blind Ambition,2021,96,https://imdb.com/title/tt9914972
558,The Heart To Fight,2005,158,https://imdb.com/title/tt9915010
559,Stagger Lee & Billy,2002,104,https://imdb.com/title/tt9915050
560,#WorstThing,2001,111,https://imdb.com/title/tt9915164
561,The Checkers: Breaking the Ice,2007,122,https://imdb.com/title/tt9915180
562,Vida em Movimento,2019,70,https://imdb.com/title/tt9915436
563,Side Effect,2012,161,https://imdb.com/title/tt9915536
564,A Husband to Rent,1974,169,https://imdb.com/title/tt9915592
565,Liebestraum,2005,131,https://imdb.com/title/tt9915736
566,Bobbyr Bondhura,2019,176,https://imdb.com/title/tt9915790
567,Salt Lake,2008,119,https://imdb.com/title/tt9915808
568,The Last White Witch,2019,97,https://imdb.com/title/tt9915872
569,Inventing Robert Capa,2008,153,https://imdb.com/title/tt9916100
570,The Mystery of a Buryat Lama,2018,94,https://imdb.com/title/tt9916132
571,The Thing in the Bag,2012,78,https://imdb.com/title/tt9916134
572,Drømmeland,2019,72,https://imdb.com/title/tt9916160
573,The Rehearsal,2019,51,https://imdb.com/title/tt9916170
574,Illenau - die Geschichte einer ehemaligen Heil- und Pflegeanstalt,2017,84,https://imdb.com/title/tt9916186
575,Minotaur,2010,112,https://imdb.com/title/tt9916188
576,Safeguard,2020,90,https://imdb.com/title/tt9916190
577,Il talento del calabrone,2020,84,https://imdb.com/title/tt9916270
578,Coven,2020,92,https://imdb.com/title/tt9916362
579,The Secret of China,2019,104,https://imdb.com/title/tt9916428
580,Kuambil Lagi Hatiku,2019,123,https://imdb.com/title/tt9916538
581,The Copeland Case,2007,173,https://imdb.com/title/tt9916620
582,Dankyavar Danka,2013,133,https://imdb.com/title/tt9916706
583,6 Gunn,2017,116,https://imdb.com/title/tt9916730
