ReviewerId	MovieId	Summary	Body	Score	CreatedOn
fad26740-b52d-4585-84e1-077abc1c5da7	2	Every owner reflect.	Court scientist room score care physical add. Plant doctor head science.\nFeel seem establish be brother many series. Art beat value agency kid this.	3	2022-04-05 20:39:01
17e680bd-0c75-42c9-8cdb-98814eda9e21	5	Question hair cost read cultural.	View yes one hair picture reveal. Indicate increase yet school sport picture difference.\nAnimal such contain police. West financial particular discover we win her. Student history cup available.	4	2022-03-17 15:21:24
b49e5d9c-699a-4fa6-afd7-0f1c276a9309	4	Trial attorney stop turn.	Attack strong strong oil window protect admit. Style before close about.\nHuge raise seem everybody option leave.	2	2021-09-04 08:04:21
6166aa09-ec2a-4796-b24a-b518b03f46ff	3	Within standard cover media experience.	Stuff my chair cut above. Training card provide line paper.\nAuthority reason room light over long special. Sure sing who administration fear. Wish truth blood where allow list future build.	6	2021-12-26 18:24:29
c9f1963f-51f4-4d71-9ce4-ab9895c0a511	4	Between build get clear.	See degree suggest want actually operation type. Suddenly his run drive. Community at maybe adult.\nOnto line subject. List against image should expert nothing also part.	2	2022-03-24 00:28:32
fad26740-b52d-4585-84e1-077abc1c5da7	5	Sport benefit receive to.	Effort recent much increase stand election first law. Value president prevent though sense also.\nElse action just effort together church western.	0	2021-10-07 12:10:24
9bf578ac-895b-4db7-aeb5-0eae5d4bcf4a	1	Tell nice push anything.	Sing pretty color individual notice item floor. Must up happen entire future better.\nBoy let early drug particular commercial. Listen blue culture be.	3	2022-03-24 06:07:19
dfb03363-be1f-48b9-bc26-c70030fee98b	4	Power charge glass good.	Bit city than choice. Identify international when low.\nSon defense south loss product mother safe. Exist attack court foot lay. Task raise chance base.	8	2021-11-10 02:26:15
ffa302b4-660a-4dfa-b725-a7b9c2b7951e	1	Heart Congress significant positive.	West bit never establish state choice. Part big law authority sister way. This hair table difference high measure central.	5	2022-02-24 06:43:40
dfb03363-be1f-48b9-bc26-c70030fee98b	1	Start attorney talk.	Decision surface relationship during us step. Sense beat we financial exactly single pass.\nCultural loss treatment better. Do great case. Peace southern down employee collection help.	10	2021-12-07 05:57:33
b49e5d9c-699a-4fa6-afd7-0f1c276a9309	2	Training week yeah side picture.	Health language hit begin successful listen. Similar road indicate scene range. Board white world science station section include magazine. Score voice feeling analysis professor opportunity success.	8	2022-05-08 01:33:41
9bf578ac-895b-4db7-aeb5-0eae5d4bcf4a	2	Hair bill admit listen try life just.	Son lose source page evening she describe. Cultural lay marriage land carry. Phone almost probably practice because local.\nMillion follow represent five several style. Around majority leg stand onto.	3	2022-03-09 03:08:24
9bf578ac-895b-4db7-aeb5-0eae5d4bcf4a	5	All certain she party weight forward.	Life accept learn laugh suggest with certain. Show water cost trial stock sport consider according.\nRise build mouth late case. Sit ever everyone course.	6	2021-11-24 01:49:35
fad26740-b52d-4585-84e1-077abc1c5da7	3	Somebody draw model that wonder.	Else reveal role air about at beyond. Feel bed drug soon water deal.\nReturn Mrs research. He now society enjoy news that. My to beautiful color town standard stop.	7	2022-04-06 07:54:50
dfb03363-be1f-48b9-bc26-c70030fee98b	2	Nearly physical according receive.	One simply physical once. Wind sound lose hold large. Television card each note might beautiful.\nJust focus wall. Human run start floor entire go those.	0	2021-09-02 01:27:49
fad26740-b52d-4585-84e1-077abc1c5da7	4	Someone season day treatment size.	Single bad somebody parent I argue catch through. Nearly everyone second man indeed Mrs hand international. Often one American.	8	2022-04-02 20:48:15
c9f1963f-51f4-4d71-9ce4-ab9895c0a511	3	Compare eight west money.	Take whole follow three get tax. Instead give such yeah position. Within range already rate couple.	6	2022-03-05 19:22:55
