Id	Email	FirstName	LastName
6166aa09-ec2a-4796-b24a-b518b03f46ff	sara93@example.org	Tammie	Patterson
17e680bd-0c75-42c9-8cdb-98814eda9e21	chelsealawson@example.com	April	Rose
fad26740-b52d-4585-84e1-077abc1c5da7	alexandra66@example.com	Shannon	Frost
9bf578ac-895b-4db7-aeb5-0eae5d4bcf4a	sedwards@example.org	Donna	Davis
ffa302b4-660a-4dfa-b725-a7b9c2b7951e	rebeccamoore@example.org	Caleb	Fernandez
dfb03363-be1f-48b9-bc26-c70030fee98b	courtney36@example.com	Lindsey	Rogers
b49e5d9c-699a-4fa6-afd7-0f1c276a9309	piercekimberly@example.net	Anthony	Anderson
ec6a85b5-25d0-40c2-9517-fc9bba9026c2	jonesjohn@example.net	Megan	Parrish
c9f1963f-51f4-4d71-9ce4-ab9895c0a511	freeves@example.com	Henry	Deleon
06117859-0a4b-499c-9879-4ea53f021a19	heathercollier@example.com	Dylan	Jordan
